{"0": [-0.01343583669651262, 35.07452383457574, -0.09299123280831322, -0.009500142503206329, -0.07621813404643411, -0.09299123280831322, 0.1046322427024134, 1.8198003054596323, -0.01343583669651262, -0.009500142503206329, 0.15005151217864002, 0.15036561814938673, 0.5003947888495052, -0.09348363388464617, 0.15036561814938673, -0.03919840332014659, 0.1046322427024134, 0.5040577761907294, 2.4333719789640664, -0.0929912328083132, -0.013435836696512621, -0.5288751963578502, -0.10463224270241357, -0.03802631856688948], "1": [-0.013435836696512621, 35.07452383457574, -0.09299123280831322, -0.009500142503206329, -0.07621813404643411, -0.09299123280831322, 0.1046322427024134, -0.5495108430303438, -0.013435836696512621, -0.009500142503206329, 0.15005151217864002, 0.15036561814938673, 0.5003947888495052, -0.09348363388464617, 0.15036561814938673, -0.03919840332014659, 0.1046322427024134, 0.5040577761907294, -0.41095237746007063, -0.0929912328083132, -0.013435836696512621, -0.5288751963578502, -0.10463224270241359, -0.03802631856688948], "2": [-0.01343583669651262, -0.028510722047613957, -0.09299123280831322, -0.009500142503206329, -0.07621813404643411, -0.09299123280831322, 0.1046322427024134, -0.5495108430303438, -0.01343583669651262, -0.009500142503206329, 0.15005151217864002, 0.15036561814938673, 0.5003947888495052, -0.09348363388464617, 0.15036561814938673, -0.03919840332014659, 0.1046322427024134, 0.5040577761907294, 2.4333719789640664, -0.0929912328083132, -0.013435836696512621, -0.5288751963578502, -0.10463224270241357, 26.297575933914516], "3": [-0.013435836696512625, -0.028510722047613957, 10.753701932969781, -0.009500142503206329, -0.0762181340464341, 10.753701932969781, 0.10463224270241339, 1.8198003054596328, -0.013435836696512625, -0.009500142503206329, 0.15005151217864002, 0.1503656181493867, 0.5003947888495051, 10.697059564821226, 0.1503656181493867, -0.03919840332014658, 0.10463224270241339, 0.5040577761907292, 2.4333719789640673, 10.753701932969781, -0.013435836696512625, 1.890805254030812, -0.10463224270241357, -0.03802631856688948], "4": [-0.01343583669651262, -0.028510722047613957, -0.09299123280831322, -0.009500142503206329, -0.07621813404643411, -0.09299123280831322, 0.10463224270241342, 1.8198003054596323, -0.01343583669651262, -0.009500142503206329, 0.15005151217864002, 0.15036561814938673, 0.5003947888495052, -0.09348363388464619, 0.15036561814938673, 25.511243196123637, 0.10463224270241342, 0.5040577761907294, -0.4109523774600707, -0.09299123280831322, -0.01343583669651262, 1.8908052540308116, -0.10463224270241357, -0.03802631856688948], "5": [-0.013435836696512623, -0.028510722047613957, -0.09299123280831322, -0.009500142503206329, -0.0762181340464341, -0.09299123280831322, 0.1046322427024134, -0.5495108430303438, -0.013435836696512623, -0.009500142503206329, 0.15005151217864005, 0.1503656181493867, 0.5003947888495051, -0.09348363388464619, 0.1503656181493867, -0.03919840332014658, 0.1046322427024134, 0.5040577761907293, -0.4109523774600706, -0.09299123280831322, -0.013435836696512623, -0.5288751963578502, -0.10463224270241357, 26.297575933914516], "6": [-0.01343583669651262, -0.028510722047613957, -0.09299123280831322, -0.009500142503206329, -0.07621813404643411, -0.09299123280831322, 0.1046322427024134, 1.8198003054596323, -0.01343583669651262, -0.009500142503206329, 0.15005151217864002, 0.15036561814938673, 0.5003947888495052, -0.09348363388464616, 0.15036561814938673, 25.511243196123633, 0.1046322427024134, 0.5040577761907294, 2.4333719789640664, -0.09299123280831319, -0.013435836696512623, 1.8908052540308116, -0.10463224270241357, -0.03802631856688948], "7": [-0.013435836696512436, -0.028510722047613547, -0.0929912328083156, -0.00950014250320655, -0.0762181340464311, -0.0929912328083156, 0.10463224270241513, -0.5495108430303552, -0.013435836696512436, -0.00950014250320655, 0.15005151217863888, 0.15036561814938704, -1.9984220904840513, -0.09348363388464917, 0.15036561814938704, -0.03919840332014717, 0.10463224270241513, -1.9838995592076636, -0.4109523774600648, -0.0929912328083156, -0.013435836696512436, -0.5288751963578365, -0.10463224270241513, -0.038026318566890815], "8": [-0.01343583669651261, -0.028510722047613957, -0.09299123280831335, -0.009500142503206325, -0.07621813404643424, -0.09299123280831335, 0.10463224270241335, 1.8198003054596348, -0.01343583669651261, -0.009500142503206325, 0.1500515121786402, 0.15036561814938668, 0.500394788849505, -0.09348363388464612, 0.15036561814938668, -0.03919840332014656, 0.10463224270241335, 0.5040577761907292, -0.41095237746007035, -0.09299123280831335, -0.01343583669651261, -0.5288751963578513, -0.1046322427024135, -0.038026318566889525], "9": [-0.013435836696512623, -0.028510722047613662, -0.0929912328083134, -0.009500142503206278, -0.07621813404643449, -0.0929912328083134, 0.10463224270241446, -0.5495108430303397, -0.013435836696512623, -0.009500142503206278, 0.15005151217864068, 0.15036561814938668, 0.5003947888495103, -0.09348363388464577, 0.15036561814938668, -0.03919840332014637, 0.10463224270241446, 0.5040577761907326, 2.433371978964055, -0.0929912328083134, -0.013435836696512623, -0.5288751963578526, -0.10463224270241449, -0.03802631856688919], "10": [-0.013435836696512455, -0.028510722047613558, -0.09299123280831538, -0.009500142503206521, -0.07621813404643224, -0.09299123280831538, 0.10463224270241248, 1.8198003054596186, -0.013435836696512455, -0.009500142503206521, 0.15005151217863677, 0.1503656181493862, 0.5003947888495022, -0.09348363388464538, 0.1503656181493862, -0.03919840332014755, 0.10463224270241248, 0.5040577761907338, -0.41095237746007607, -0.09299123280831538, -0.013435836696512455, 1.890805254030821, -0.10463224270241248, -0.03802631856689025], "11": [-0.013435836696512623, -0.028510722047613957, 10.75370193296978, -0.009500142503206329, -0.0762181340464341, 10.75370193296978, 0.1046322427024134, 1.8198003054596326, -0.013435836696512623, -0.009500142503206329, 0.15005151217864005, 0.1503656181493867, 0.5003947888495051, 10.697059564821227, 0.1503656181493867, -0.03919840332014658, 0.1046322427024134, 0.5040577761907292, -0.4109523774600706, 10.75370193296978, -0.013435836696512623, 1.8908052540308118, -0.10463224270241357, -0.03802631856688948], "12": [-0.013435836696512613, -0.028510722047613957, -0.09299123280831323, -0.00950014250320634, -0.0762181340464342, -0.09299123280831323, 0.10463224270241335, 1.8198003054596332, -0.013435836696512613, -0.00950014250320634, 0.15005151217864013, 0.15036561814938668, 0.500394788849505, -0.09348363388464612, 0.15036561814938668, -0.039198403320146624, 0.10463224270241335, 0.5040577761907298, 2.433371978964064, -0.09299123280831323, -0.013435836696512613, -0.5288751963578509, -0.10463224270241359, -0.03802631856688945], "13": [-0.01343583669651262, -0.028510722047613957, -0.09299123280831322, -0.009500142503206329, -0.07621813404643411, -0.09299123280831322, 0.1046322427024134, -0.5495108430303438, -0.01343583669651262, -0.009500142503206329, 0.15005151217864002, 0.15036561814938673, 0.5003947888495052, -0.09348363388464616, 0.15036561814938673, 25.511243196123633, 0.1046322427024134, 0.5040577761907294, -0.4109523774600707, -0.09299123280831319, -0.013435836696512623, -0.5288751963578502, -0.10463224270241357, -0.03802631856688948], "14": [-0.01343583669651262, -0.028510722047613957, 10.753701932969777, -0.009500142503206329, -0.07621813404643411, 10.753701932969777, 0.1046322427024134, 1.8198003054596323, -0.01343583669651262, -0.009500142503206329, 0.15005151217864002, 0.15036561814938673, 0.5003947888495052, 10.69705956482123, 0.15036561814938673, -0.03919840332014659, 0.1046322427024134, 0.5040577761907294, -0.4109523774600707, 10.753701932969777, -0.013435836696512623, -0.5288751963578502, -0.10463224270241357, -0.03802631856688948],