{"0": 8.61984002837638, "1": 7.115762631600106, "2": 4.759110317335785, "3": 9.312987208936326, "4": 5.154104125576653, "5": 4.759110317335785, "6": 0.010888411720602018, "7": 1.46132603104706, "8": 8.61984002837638, "9": 9.312987208936326, "10": 0.022265725013330143, "11": 0.02235800573133969, "12": 0.22345945717689067, "13": 4.74863901746849, "14": 0.02235800573133969, "15": 6.4797738648801095, "16": 0.010888411720602018, "17": 0.22639764439631757, "18": 1.9346034959396108, "19": 4.759110317335785, "20": 8.61984002837638, "21": 1.5206382848232878, "22": 4.52549546615428, "23": 6.540398486696544}